Sub-location,Utility service area,NERC Region,NERC Sub-region,ERCOT Weather Zone
Glasscock,ERCOT,TRE,Texas Reliability Entity,West
Castro,ERCOT,,,
Starr,Texas-New Mexico Power Co,TRE,Texas Reliability Entity,South
Mills,Hamilton County Elec Coop Assn,TRE,Texas Reliability Entity,North-Central
Crockett,"Southwest Texas Elec Coop, Inc",TRE,Texas Reliability Entity,West
La Salle,ERCOT,TRE,Texas Reliability Entity,South
Scurry,ERCOT,TRE,Texas Reliability Entity,North
Zapata,"Medina Electric Coop, Inc",TRE,Texas Reliability Entity,South
Taylor,Taylor Electric Coop Inc - (Tx),TRE,Texas Reliability Entity,North
Sterling,Concho Valley Elec Coop Inc,TRE,Texas Reliability Entity,West
Nolan,"Big Country Electric Coop, Inc",TRE,Texas Reliability Entity,North
Pecos,ERCOT,TRE,Texas Reliability Entity,Far-West
Cherokee,ERCOT,TRE,Texas Reliability Entity,East
Eastland,ERCOT,TRE,Texas Reliability Entity,North
Upton,"Southwest Texas Elec Coop, Inc",TRE,Texas Reliability Entity,Far-West
Willacy,Magic Valley Electric Coop Inc,TRE,Texas Reliability Entity,South
Runnels,Concho Valley Elec Coop Inc,TRE,Texas Reliability Entity,West
Brazoria,ERCOT,TRE,Texas Reliability Entity,Coast
Hidalgo,Oncor Electric Delivery Company Llc,TRE,Texas Reliability Entity,South
Brown,Comanche County Elec Coop Assn,TRE,Texas Reliability Entity,North-Central
Fisher,"Big Country Electric Coop, Inc",TRE,Texas Reliability Entity,North
Grimes,ERCOT,TRE,Texas Reliability Entity,North-Central
McLennan,ERCOT,TRE,Texas Reliability Entity,North-Central
Andrews,Oncor Electric Delivery Company Llc,TRE,Texas Reliability Entity,Far-West
Angelina,ERCOT,TRE,Texas Reliability Entity,East
Howard,ERCOT,TRE,Texas Reliability Entity,North
Haskell,ERCOT,TRE,Texas Reliability Entity,North
Young,"Navarro County Elec Coop, Inc",TRE,Texas Reliability Entity,North
Clay,Texas-New Mexico Power Co,TRE,Texas Reliability Entity,North
Cooke,"Grayson-Collin Elec Coop, Inc",TRE,Texas Reliability Entity,North
Webb,"Medina Electric Coop, Inc",TRE,Texas Reliability Entity,South
Wharton,CenterPoint Energy,TRE,Texas Reliability Entity,Coast
Callahan,Comanche County Elec Coop Assn,TRE,Texas Reliability Entity,North
Cameron,ERCOT,TRE,Texas Reliability Entity,South
Childress,"Lighthouse Electric Coop, Inc",TRE,Texas Reliability Entity,North
Falls,Oncor Electric Delivery Company Llc,TRE,Texas Reliability Entity,North-Central
Bee,ERCOT,TRE,Texas Reliability Entity,South
Crane,Oncor Electric Delivery Company Llc,TRE,Texas Reliability Entity,Far-West
Matagorda,ERCOT,TRE,Texas Reliability Entity,Coast
Hopkins,Oncor Electric Delivery Company Llc,TRE,Texas Reliability Entity,North
Jackson,ERCOT,TRE,Texas Reliability Entity,Coast
Jones,"Big Country Electric Coop, Inc",TRE,Texas Reliability Entity,North
Caldwell,"Bartlett Electric Coop, Inc",TRE,Texas Reliability Entity,South-Central
Coryell,ERCOT,TRE,Texas Reliability Entity,North-Central
Tom Green,Concho Valley Elec Coop Inc,TRE,Texas Reliability Entity,West
Deaf Smith,"Farmers Electric Coop, Inc - (Nm)",,,
Calhoun,ERCOT,TRE,Texas Reliability Entity,Coast
Wise,ERCOT,TRE,Texas Reliability Entity,North
Galveston,CenterPoint Energy,TRE,Texas Reliability Entity,Coast
Dawson,Oncor Electric Delivery Company Llc,TRE,Texas Reliability Entity,North
Milam,Oncor Electric Delivery Company Llc,TRE,Texas Reliability Entity,North-Central
Wilbarger,Electric Transmission Texas,TRE,Texas Reliability Entity,North
Lamar,ERCOT,TRE,Texas Reliability Entity,North
Goliad,Karnes Electric Coop Inc,TRE,Texas Reliability Entity,Coast
Stephens,ERCOT,TRE,Texas Reliability Entity,North
Coke,ERCOT,TRE,Texas Reliability Entity,West
Hill,ERCOT,TRE,Texas Reliability Entity,North-Central
Limestone,Centerpoint Energy,TRE,Texas Reliability Entity,North-Central
Throckmorton,ERCOT,TRE,Texas Reliability Entity,North
Ector,ERCOT,TRE,Texas Reliability Entity,Far-West
Navarro,Texas-New Mexico Power Co,TRE,Texas Reliability Entity,North-Central
Uvalde,ERCOT,TRE,Texas Reliability Entity,West
Colorado,"Fayette Electric Coop, Inc",TRE,Texas Reliability Entity,Coast
Ellis,ERCOT,TRE,Texas Reliability Entity,North-Central
Leon,Oncor Electric Delivery Company Llc,TRE,Texas Reliability Entity,East
Atascosa,ERCOT,TRE,Texas Reliability Entity,South
Bastrop,ERCOT,TRE,Texas Reliability Entity,South-Central
Frio,Karnes Electric Coop Inc,TRE,Texas Reliability Entity,South
Tarrant,ERCOT,TRE,Texas Reliability Entity,North-Central
Palo Pinto,United Electric Coop Service Inc - (Tx),TRE,Texas Reliability Entity,North-Central
Somervell,Oncor Electric Delivery Company Llc,TRE,Texas Reliability Entity,North-Central
Hays,ERCOT,TRE,Texas Reliability Entity,South-Central
Kent,"Big Country Electric Coop, Inc",TRE,Texas Reliability Entity,North
Comanche,United Electric Coop Service Inc - (Tx),TRE,Texas Reliability Entity,North-Central
Schleicher,ERCOT,TRE,Texas Reliability Entity,West
DeWitt,ERCOT,TRE,Texas Reliability Entity,
Hunt,ERCOT,TRE,Texas Reliability Entity,North
Jack,ERCOT,TRE,Texas Reliability Entity,North
Hale,"Swisher Electric Coop, Inc",,,
Rusk,Cherokee County Elec Coop Assn,TRE,Texas Reliability Entity,East
Culberson,ERCOT,TRE,Texas Reliability Entity,Far-West
Reagan,Heart Of Texas Electric Coop,TRE,Texas Reliability Entity,West
San Patricio,American Electric Power,TRE,Texas Reliability Entity,South
Swisher,Oncor Electric Delivery Company Llc,,,
Bexar,ERCOT,TRE,Texas Reliability Entity,South-Central
Kaufman,Oncor Electric Delivery Company Llc,TRE,Texas Reliability Entity,North-Central
Live Oak,Karnes Electric Coop Inc,TRE,Texas Reliability Entity,South
Travis,"Pedernales Electric Coop, Inc",TRE,Texas Reliability Entity,South-Central
Robertson,Texas-New Mexico Power Co,TRE,Texas Reliability Entity,North-Central
Anderson,Oncor Electric Delivery Company Llc,TRE,Texas Reliability Entity,East
Harris,Centerpoint Energy,TRE,Texas Reliability Entity,Coast
Wilson,ERCOT,TRE,Texas Reliability Entity,South-Central
Chambers,MISO,TRE,Texas Reliability Entity,Coast
Van Zandt,ERCOT,TRE,Texas Reliability Entity,East
Refugio,"Victoria Electric Coop, Inc",TRE,Texas Reliability Entity,Coast
Hardeman,Southwest Rural Elec Assn Inc,TRE,Texas Reliability Entity,North
Nueces,ERCOT,TRE,Texas Reliability Entity,South
Bell,"Bartlett Electric Coop, Inc",TRE,Texas Reliability Entity,North-Central
Winkler,ERCOT,TRE,Texas Reliability Entity,Far-West
Ward,ERCOT,TRE,Texas Reliability Entity,Far-West
Bandera,ERCOT,TRE,Texas Reliability Entity,West
Coleman,Oncor Electric Delivery Company Llc,TRE,Texas Reliability Entity,West
Brooks,ERCOT,TRE,Texas Reliability Entity,South
Guadalupe,ERCOT,TRE,Texas Reliability Entity,South-Central
Dickens,"Lighthouse Electric Coop, Inc",TRE,Texas Reliability Entity,North
Victoria,ERCOT,TRE,Texas Reliability Entity,Coast
Reeves,Texas-New Mexico Power Co,TRE,Texas Reliability Entity,Far-West
Foard,Southwest Rural Elec Assn Inc,TRE,Texas Reliability Entity,North
Mitchell,United Electric Coop Service Inc - (Tx),TRE,Texas Reliability Entity,North
Kendall,"Bandera Electric Coop, Inc",TRE,Texas Reliability Entity,West
Dimmit,"Medina Electric Coop, Inc",TRE,Texas Reliability Entity,South
Gonzales,"Fayette Electric Coop, Inc",TRE,Texas Reliability Entity,South-Central
Erath,United Electric Coop Service Inc - (Tx),TRE,Texas Reliability Entity,North-Central
Kinney,ERCOT,TRE,Texas Reliability Entity,West
Carson,Southwestern Public Service Co,,,
Midland,Oncor Electric Delivery Company Llc,TRE,Texas Reliability Entity,Far-West
Lubbock,South Plains Electric Coop Inc,,,North
Briscoe,Oncor Electric Delivery Company Llc,TRE,Texas Reliability Entity,North
Jim Wells,Nueces Electric Cooperative,TRE,Texas Reliability Entity,South
Parker,ERCOT,TRE,Texas Reliability Entity,North-Central
Henderson,ERCOT,TRE,Texas Reliability Entity,East
Armstrong,ERCOT,TRE,Texas Reliability Entity,
Lampasas,Hamilton County Elec Coop Assn,TRE,Texas Reliability Entity,West
Johnson,ERCOT,TRE,Texas Reliability Entity,North-Central
Freestone,"Navarro County Elec Coop, Inc",TRE,Texas Reliability Entity,East
Delta,Lamar County Elec Coop Assn,TRE,Texas Reliability Entity,North
Maverick,"Rio Grande Electric Coop, Inc",TRE,Texas Reliability Entity,South
Franklin,Southwestern Electric Power Co,TRE,Texas Reliability Entity,North
McMullen,Karnes Electric Coop Inc,TRE,Texas Reliability Entity,South
Wichita,Oncor Electric Delivery Company Llc,TRE,Texas Reliability Entity,North
Knox,ERCOT,TRE,Texas Reliability Entity,North
Collin,"Grayson-Collin Elec Coop, Inc",TRE,Texas Reliability Entity,North
Martin,ERCOT,TRE,Texas Reliability Entity,North
Burnet,Hamilton County Elec Coop Assn,TRE,Texas Reliability Entity,West
Menard,ERCOT,TRE,Texas Reliability Entity,West
Motley,ERCOT,TRE,Texas Reliability Entity,North
Fort Bend,ERCOT,TRE,Texas Reliability Entity,Coast
Houston,ERCOT,TRE,Texas Reliability Entity,East
Waller,ERCOT,TRE,Texas Reliability Entity,Coast
King,ERCOT,TRE,Texas Reliability Entity,North
Gillespie,Aep Texas North Company,TRE,Texas Reliability Entity,West
Kleberg,ERCOT,TRE,Texas Reliability Entity,South
Hood,United Electric Coop Service Inc - (Tx),TRE,Texas Reliability Entity,North-Central
Dallas,Texas-New Mexico Power Co,TRE,Texas Reliability Entity,North-Central
Gray,"Grayson-Collin Elec Coop, Inc",TRE,Texas Reliability Entity,
Madison,ERCOT,TRE,Texas Reliability Entity,East
Concho,Concho Valley Elec Coop Inc,TRE,Texas Reliability Entity,West
Cottle,ERCOT,TRE,Texas Reliability Entity,North
Fayette,"Fayette Electric Coop, Inc",TRE,Texas Reliability Entity,South-Central
Montague,ERCOT,TRE,Texas Reliability Entity,North
Kerr,"Bandera Electric Coop, Inc",TRE,Texas Reliability Entity,West
Zavala,ERCOT,TRE,Texas Reliability Entity,South
Brazos,ERCOT,,,North-Central
Rains,Southwestern Electric Power Co,TRE,Texas Reliability Entity,East
Borden,"Big Country Electric Coop, Inc",TRE,Texas Reliability Entity,North
Bosque,United Electric Coop Service Inc - (Tx),TRE,Texas Reliability Entity,North-Central
Karnes,ERCOT,TRE,Texas Reliability Entity,Coast
Archer,ERCOT,TRE,Texas Reliability Entity,North
Medina,ERCOT,TRE,Texas Reliability Entity,South
Kimble,Aep Texas North Company,TRE,Texas Reliability Entity,West
Nacogdoches,ERCOT,TRE,Texas Reliability Entity,East
Duval,American Electric Power,TRE,Texas Reliability Entity,South
Austin,"Medina Electric Coop, Inc",TRE,Texas Reliability Entity,Coast
Stonewall,American Electric Power,TRE,Texas Reliability Entity,North
Grayson,ERCOT,TRE,Texas Reliability Entity,North
Rockwall,ERCOT,TRE,Texas Reliability Entity,North-Central
Shackelford,ERCOT,TRE,Texas Reliability Entity,North
Loving,United Electric Coop Service Inc - (Tx),TRE,Texas Reliability Entity,Far-West
Blanco,ERCOT,TRE,Texas Reliability Entity,West
Crosby,"Lighthouse Electric Coop, Inc",TRE,Texas Reliability Entity,North
Baylor,Texas-New Mexico Power Co,TRE,Texas Reliability Entity,North
Hutchinson,"Rita Blanca Electric Coop, Inc",,,
Lavaca,"Fayette Electric Coop, Inc",TRE,Texas Reliability Entity,Coast
Montgomery,Centerpoint Energy,TRE,Texas Reliability Entity,Coast
Fannin,Karnes Electric Coop Inc,TRE,Texas Reliability Entity,North
Sutton,ERCOT,TRE,Texas Reliability Entity,West
Red River,ERCOT,TRE,Texas Reliability Entity,North
Kenedy,ERCOT,TRE,Texas Reliability Entity,South
Smith,Upshur Rural Elec Coop Corp,TRE,Texas Reliability Entity,East
McCulloch,ERCOT,TRE,Texas Reliability Entity,West
Williamson,ERCOT,TRE,Texas Reliability Entity,North-Central
Jim Hogg,ERCOT,TRE,Texas Reliability Entity,South
Brewster,"Rio Grande Electric Coop, Inc",TRE,Texas Reliability Entity,Far-West
Comal,Guadalupe Valley Elec Coop Inc,TRE,Texas Reliability Entity,South-Central
Denton,ERCOT,TRE,Texas Reliability Entity,North
Roberts,North Plains Electric Coop Inc,,,
Irion,Concho Valley Elec Coop Inc,TRE,Texas Reliability Entity,West
